"DTID","Device","PTID","Name","Unit","Control","Writable","InApp","ExpertOnly"
"190000","ISM","190000","DHCP Aktiv","","CheckBox","False","False","True"
"190000","ISM","190001","IP Adresse","","IPInput","False","False","True"
"190000","ISM","190002","Subnetzmaske","","IPInput","False","False","True"
"190000","ISM","190003","Default Gateway","","IPInput","False","False","True"
"190000","ISM","190004","DNS Namensserver","","IPInput","False","False","True"
"190000","ISM","190007","WLAN Aktiv","","CheckBox","False","False","True"
"190000","ISM","190011","WLAN Signal","","ComboBoxText","False","False","True"
"190000","ISM","190012","Anlagenname","","TextInput","False","False","True"
"190000","ISM","190014","ISM Seriennummer","","TextInput","False","False","True"
"190000","ISM","190015","ISM Softwareversion","","TextInput","False","False","True"
"190000","ISM","190016","ISM Hardwareversion","","TextInput","False","False","True"
"190000","ISM","190019","Freigabe Internetverbindung","","CheckBox","False","False","True"
"190000","ISM","190020","LAN MAC Adresse","","TextInput","False","False","True"
"190000","ISM","190021","WLAN MAC Adresse","","TextInput","False","False","True"
"220000","BM-2","220001","Funktion des Bedienmoduls","","ComboBoxText","False","False","True"
"220000","BM-2","220019","Zeitprogramm Zirkulation Heizgerät","","TimeProgram","True","True","False"
"220000","BM-2","220021","Raumeinflussfaktor","K/K","NumericInput","True","False","True"
"220000","BM-2","220022","Außenfühler gemittelt Berechnungszeitraum","Std","NumericInput","True","False","True"
"220000","BM-2","220023","Antilegionellenfunktion","","ComboBoxText","False","False","True"
"220000","BM-2","220025","Freigabe Parallelbetrieb","","ComboBoxText","True","False","True"
"220000","BM-2","220026","Raumtemperaturabhängige Abschaltung","","ComboBoxText","True","False","True"
"220000","BM-2","220027","Absenkstopp","°C","NumericInput","True","False","True"
"220000","BM-2","220028","Warmwasserminimaltemperatur","°C","NumericInput","True","False","True"
"220000","BM-2","220029","PI-Regler Raumtemperatur Kp","K/K","NumericInput","True","False","True"
"220000","BM-2","220030","PI-Regler Raumtemperatur Tn","K/(K*h)","NumericInput","True","False","True"
"220000","BM-2","220031","Startzeit Antilegionellenfunktion","Uhr","TimeInput","False","False","True"
"220000","BM-2","220032","Uhrzeit","","TimeInput","False","False","True"
"220000","BM-2","220033","Datum","","DateInput","False","False","True"
"220000","BM-2","220034","Partymodus","","TimedFunction","True","True","False"
"220000","BM-2","220035","Urlaubsmodus","","TimedFunction","True","True","False"
"220000","BM-2","220036","Programmwahl Lüftung","","ProgramSelectionListView","True","True","False"
"220000","BM-2","220037","Zeitweise Intensivlüftung","","TimedFunction","True","True","False"
"220000","BM-2","220038","Zeitweise Feuchteschutz","","TimedFunction","True","True","False"
"220000","BM-2","220039","Zeitprogramm Lüftung","","TimeProgram","True","True","False"
"220000","BM-2","220040","Anforderung Lüftung","","ComboBoxText","False","True","False"
"220000","BM-2","220041","Status Lüftung","","ComboBoxText","False","True","False"
"220000","BM-2","220042","1x Warmwasser","","ComboBoxText","True","True","False"
"220000","BM-2","220043","BUSCONFIG_Erkannte-Geraete-Low-Byte","","NO_DISPLAY","False","True","False"
"220000","BM-2","220044","BUSCONFIG_Erkannte-Geraete-High-Byte","","NO_DISPLAY","False","True","False"
"220000","BM-2","220045","BUSCONFIG_Softwareversion","","NO_DISPLAY","False","True","False"
"220000","BM-2","220046","BUSCONFIG_Sollwertkorrektur","","NO_DISPLAY","False","True","False"
"220000","BM-2","220047","Zeitprogramm Zirkulation Heizgerät","","TimeProgram","True","True","False"
"220000","BM-2","220048","Zeitprogramm Zirkulation Heizgerät","","MessageBoxButton","True","True","False"
"220000","BM-2","220051","Zeitprogramm Lüftung","","TimeProgram","True","True","False"
"220000","BM-2","220052","Zeitprogramm Lüftung","","MessageBoxButton","True","True","False"
"220000","BM-2","220091","SmartHome System","","ComboBoxText","False","False","True"
"220000","BM-2","220092","Wolf Plug-in Version","","NumericInput","False","False","True"
"220000","BM-2","220093","Winter/Sommer Umschaltung, ECO/ABS","","ComboBoxText","False","False","True"
"220000","BM-2","220094","Direkter Heizkreis gesteuert von","","ComboBoxText","False","False","True"
"220000","BM-2","220095","Freigabe SmartHome","","ComboBoxText","True","False","True"
"220000","BM-2","220096","Zeitprogramm","","ComboBoxText","False","False","True"
"220000","BM-2","220097","Raumeinfluss im BM-2","","ComboBoxText","False","False","True"
"220000","BM-2","220098","Raumsolltemperatur für BM-2","","ComboBoxText","False","False","True"
"220000","BM-2","220099","Vorgabe Sollwertkorrektur von SmartHome","","ComboBoxText","False","False","True"
"220000","BM-2","220100","Vorgabe absolute Vorlaufsolltemperatur von SmartHome","","ComboBoxText","False","False","True"
"220000","BM-2","220101","Mischerkreis 1 gesteuert von","","ComboBoxText","False","False","True"
"220000","BM-2","220102","Mischerkreis 2 gesteuert von","","ComboBoxText","False","False","True"
"220000","BM-2","220103","Außentemperatur","°C","NumericInput","False","False","True"
"220000","BM-2","220104","Wartungsmeldung","","ComboBoxText","False","True","True"
"220000","BM-2","220105","Wartung Betriebsabhängig","%","NumericInput","False","True","False"
"220000","BM-2","220106","Wartung Datumsabhängig Fälligkeitsdatum","","DateInput","False","True","False"
"220000","BM-2","220107","BUSCONFIG_Vereinfachter-Modus","","NO_DISPLAY","False","True","False"
"220000","BM-2","220108","Programmwahlschalter gemeinsam","","ComboBoxText","True","False","True"
"220000","BM-2","220117","Anpassung Raumfühler BM-2 0","K","NumericInput","True","False","True"
"220000","BM-2","220118","Anpassung Raumfühler BM-2 1","K","NumericInput","True","False","True"
"220000","BM-2","220119","Anpassung Raumfühler BM-2 2","K","NumericInput","True","False","True"
"220000","BM-2","220120","Anpassung Raumfühler BM-2 3","K","NumericInput","True","False","True"
"220000","BM-2","220121","Anpassung Raumfühler BM-2 4","K","NumericInput","True","False","True"
"220000","BM-2","220122","Anpassung Raumfühler BM-2 5","K","NumericInput","True","False","True"
"220000","BM-2","220123","Anpassung Raumfühler BM-2 6","K","NumericInput","True","False","True"
"220000","BM-2","220124","Anpassung Raumfühler BM-2 7","K","NumericInput","True","False","True"
"220000","BM-2","220126","Korrektur Außentemperatur","","NumericInput","True","False","True"
"220000","BM-2","220127","Reiner Raumregler","","ComboBoxText","True","False","True"
"220000","BM-2","220128","Wartungsmeldung Datum","","DateInput","False","False","True"
"220000","BM-2","220129","BUSCONFIG_SmartHome-System","","NO_DISPLAY","False","True","False"
"220000","BM-2","220130","BUSCONFIG_Programmwahlschalter-Gemeinsam","","NO_DISPLAY","False","True","False"
"220000","BM-2","220132","PI-Regler Raumtemperatur Kp","","NumericInput","True","False","True"
"220000","BM-2","220133","PI-Regler Raumtemperatur Tn","","NumericInput","True","False","True"
"220000","BM-2","220134","Firmware","","NumericInput","False","False","True"
"220000","BM-2","220135","Programmwahl Lüftung","","ProgramSelectionListView","True","True","False"
"220000","BM-2","220136","Status Filter","","ComboBoxText","False","True","False"
"220000","BM-2","220137","Fernbedienung Lüftung","","ComboBoxText","False","False","True"
"220000","BM-2","220138","Direktes Warmwasser gesteuert von","","ComboBoxText","False","False","True"
"220000","BM-2","220139","Warmwasser 1 gesteuert von","","ComboBoxText","False","False","True"
"220000","BM-2","220140","Warmwasser 2 gesteuert von","","ComboBoxText","False","False","True"
"220000","BM-2","220141","Winter-/Sommerzeitumstellung","","ComboBoxText","True","False","True"
"220000","BM-2","220142","Programmwahl Lüftung SmartHome","","ProgramSelectionListView","False","True","False"
"220000","BM-2","320042","Mo","Uhr","DaySwitchTimes","True","False","False"
"220000","BM-2","320043","Di","Uhr","DaySwitchTimes","True","False","False"
"220000","BM-2","320044","Mi","Uhr","DaySwitchTimes","True","False","False"
"220000","BM-2","320045","Do","Uhr","DaySwitchTimes","True","False","False"
"220000","BM-2","320046","Fr","Uhr","DaySwitchTimes","True","False","False"
"220000","BM-2","320047","Sa","Uhr","DaySwitchTimes","True","False","False"
"220000","BM-2","320048","So","Uhr","DaySwitchTimes","True","False","False"
"220000","BM-2","320049","Mo","Uhr","DaySwitchTimes","True","False","False"
"220000","BM-2","320050","Di","Uhr","DaySwitchTimes","True","False","False"
"220000","BM-2","320051","Mi","Uhr","DaySwitchTimes","True","False","False"
"220000","BM-2","320052","Do","Uhr","DaySwitchTimes","True","False","False"
"220000","BM-2","320053","Fr","Uhr","DaySwitchTimes","True","False","False"
"220000","BM-2","320054","Sa","Uhr","DaySwitchTimes","True","False","False"
"220000","BM-2","320055","So","Uhr","DaySwitchTimes","True","False","False"
"220000","BM-2","320056","Mo","Uhr","DaySwitchTimes","True","False","False"
"220000","BM-2","320057","Di","Uhr","DaySwitchTimes","True","False","False"
"220000","BM-2","320058","Mi","Uhr","DaySwitchTimes","True","False","False"
"220000","BM-2","320059","Do","Uhr","DaySwitchTimes","True","False","False"
"220000","BM-2","320060","Fr","Uhr","DaySwitchTimes","True","False","False"
"220000","BM-2","320061","Sa","Uhr","DaySwitchTimes","True","False","False"
"220000","BM-2","320062","So","Uhr","DaySwitchTimes","True","False","False"
"220000","BM-2","320378","Mo","Uhr","DaySwitchTimes","True","False","False"
"220000","BM-2","320379","Di","Uhr","DaySwitchTimes","True","False","False"
"220000","BM-2","320380","Mi","Uhr","DaySwitchTimes","True","False","False"
"220000","BM-2","320381","Do","Uhr","DaySwitchTimes","True","False","False"
"220000","BM-2","320382","Fr","Uhr","DaySwitchTimes","True","False","False"
"220000","BM-2","320383","Sa","Uhr","DaySwitchTimes","True","False","False"
"220000","BM-2","320384","So","Uhr","DaySwitchTimes","True","False","False"
"220000","BM-2","320385","Mo","Uhr","DaySwitchTimes","True","False","False"
"220000","BM-2","320386","Di","Uhr","DaySwitchTimes","True","False","False"
"220000","BM-2","320387","Mi","Uhr","DaySwitchTimes","True","False","False"
"220000","BM-2","320388","Do","Uhr","DaySwitchTimes","True","False","False"
"220000","BM-2","320389","Fr","Uhr","DaySwitchTimes","True","False","False"
"220000","BM-2","320390","Sa","Uhr","DaySwitchTimes","True","False","False"
"220000","BM-2","320391","So","Uhr","DaySwitchTimes","True","False","False"
"220000","BM-2","320392","Mo","Uhr","DaySwitchTimes","True","False","False"
"220000","BM-2","320393","Di","Uhr","DaySwitchTimes","True","False","False"
"220000","BM-2","320394","Mi","Uhr","DaySwitchTimes","True","False","False"
"220000","BM-2","320395","Do","Uhr","DaySwitchTimes","True","False","False"
"220000","BM-2","320396","Fr","Uhr","DaySwitchTimes","True","False","False"
"220000","BM-2","320397","Sa","Uhr","DaySwitchTimes","True","False","False"
"220000","BM-2","320398","So","Uhr","DaySwitchTimes","True","False","False"
"220000","BM-2","330000","Uhrzeit Ende","","TimeInput","True","False","False"
"220000","BM-2","330001","Datum Ende","","DateInput","True","False","False"
"220000","BM-2","330002","Uhrzeit Start","","TimeInput","True","False","False"
"220000","BM-2","330003","Datum Start","","DateInput","True","False","False"
"220000","BM-2","330004","Uhrzeit BM2","","TimeInput","True","False","False"
"220000","BM-2","330005","Datum BM2","","DateInput","True","False","False"
"220000","BM-2","330006","Uhrzeit Ende","","TimeInput","True","False","False"
"220000","BM-2","330007","Datum Ende","","DateInput","True","False","False"
"220000","BM-2","330008","Uhrzeit Start","","TimeInput","True","False","False"
"220000","BM-2","330009","Datum Start","","DateInput","True","False","False"
"220000","BM-2","330010","Uhrzeit BM2","","TimeInput","True","False","False"
"220000","BM-2","330011","Datum BM2","","DateInput","True","False","False"
"220000","BM-2","330012","Uhrzeit Ende","","TimeInput","True","False","False"
"220000","BM-2","330013","Datum Ende","","DateInput","True","False","False"
"220000","BM-2","330014","Uhrzeit Start","","TimeInput","True","False","False"
"220000","BM-2","330015","Datum Start","","DateInput","True","False","False"
"220000","BM-2","330016","Uhrzeit BM2","","TimeInput","True","False","False"
"220000","BM-2","330017","Datum BM2","","DateInput","True","False","False"
"220000","BM-2","330018","Uhrzeit Ende","","TimeInput","True","False","False"
"220000","BM-2","330019","Datum Ende","","DateInput","True","False","False"
"220000","BM-2","330020","Uhrzeit Start","","TimeInput","True","False","False"
"220000","BM-2","330021","Datum Start","","DateInput","True","False","False"
"220000","BM-2","330022","Uhrzeit BM2","","TimeInput","True","False","False"
"220000","BM-2","330023","Datum BM2","","DateInput","True","False","False"
"240000","BWL-1S","240000","PRELOAD_Firmware","","NO_DISPLAY","False","True","False"
"240000","BWL-1S","240001","Kesselsolltemperatur","°C","NumericInput","False","False","True"
"240000","BWL-1S","240002","Außentemperatur","°C","NumericInput","False","True","False"
"240000","BWL-1S","240003","Kesseltemperatur","°C","NumericInput","False","True","False"
"240000","BWL-1S","240004","Warmwassertemperatur","°C","NumericInput","False","True","False"
"240000","BWL-1S","240005","Warmwassersolltemperatur","°C","NumericInput","False","True","False"
"240000","BWL-1S","240006","Rücklauftemperatur","°C","NumericInput","False","True","False"
"240000","BWL-1S","240007","HCM-3 Firmware","","NumericInput","False","True","True"
"240000","BWL-1S","240008","Heizkreisdurchfluss","l/min","NumericInput","False","False","True"
"240000","BWL-1S","240009","Anlagendruck","bar","NumericInput","False","True","False"
"240000","BWL-1S","240012","Verdampfertemperatur (OMT)","°C","NumericInput","False","False","True"
"240000","BWL-1S","240014","Zulufttemperatur (OAT)","°C","NumericInput","False","False","True"
"240000","BWL-1S","240016","Heißgastemperatur (CTT)","°C","NumericInput","False","False","True"
"240000","BWL-1S","240017","Kesseltemperatur AWO (LWT)","°C","NumericInput","False","False","True"
"240000","BWL-1S","240019","Verflüssigertemperatur (IRT)","°C","NumericInput","False","False","True"
"240000","BWL-1S","240021","Drehzahl Ventilator","U/min","NumericInput","False","False","True"
"240000","BWL-1S","240025","Betriebsart","","ComboBoxText","False","True","False"
"240000","BWL-1S","240026","WP-Status","","ComboBoxText","False","True","False"
"240000","BWL-1S","240032","Anlagenkonfiguration","","ComboBoxText","False","True","True"
"240000","BWL-1S","240033","Funktion Eingang E1","","ComboBoxText","False","True","True"
"240000","BWL-1S","240034","Funktion Ausgang A1","","ComboBoxText","False","True","True"
"240000","BWL-1S","240035","Warmwasser Betriebsart","","ComboBoxText","True","False","True"
"240000","BWL-1S","240036","Warmwasser Schnellheizung","","ComboBoxText","True","False","True"
"240000","BWL-1S","240039","Soll-Spreizung / Offset","K","NumericInput","True","False","True"
"240000","BWL-1S","240040","Hysterese Heizung","K","NumericInput","True","False","True"
"240000","BWL-1S","240041","Nachlauf ZHP","min","NumericInput","True","False","True"
"240000","BWL-1S","240042","Verzögerung ZWE Heizung","min","NumericInput","True","False","True"
"240000","BWL-1S","240043","Nachlauf HKP","min","NumericInput","True","False","True"
"240000","BWL-1S","240044","Pumpenleistung HK maximal","%","NumericInput","True","False","True"
"240000","BWL-1S","240045","Freigabe Spreizungsregelung","","ComboBoxText","True","False","True"
"240000","BWL-1S","240046","Speicherhysterese","K","NumericInput","True","False","True"
"240000","BWL-1S","240047","Freigabe max. Speicherladezeit","","ComboBoxText","True","False","True"
"240000","BWL-1S","240048","Max. Speicherladezeit","min","NumericInput","True","False","True"
"240000","BWL-1S","240049","Verzögerung ZWE Warmwasser","min","NumericInput","True","False","True"
"240000","BWL-1S","240050","Warmwasserminimaltemperatur","°C","NumericInput","True","False","True"
"240000","BWL-1S","240051","Smart Grid","","ComboBoxText","True","False","True"
"240000","BWL-1S","240052","Externe Anhebung HZ","K","NumericInput","True","False","True"
"240000","BWL-1S","240053","Externe Anhebung WW","K","NumericInput","True","False","True"
"240000","BWL-1S","240054","Externe Zuschaltung","","ComboBoxText","True","False","True"
"240000","BWL-1S","240058","Aussentemp. Freigabe Kühlung","°C","NumericInput","True","False","True"
"240000","BWL-1S","240059","Min. Vorlauftemp. für Kühlung","°C","NumericInput","True","False","True"
"240000","BWL-1S","240060","Offset Vorlaufsolltemperatur Kühlung","K","NumericInput","True","False","True"
"240000","BWL-1S","240061","Aktive Kühlung","","ComboBoxText","True","False","True"
"240000","BWL-1S","240065","Bivalenzpunkt Verdichter","°C","NumericInput","True","False","True"
"240000","BWL-1S","240066","Freigabe E-Heizung für HZ-Betrieb","","ComboBoxText","True","False","True"
"240000","BWL-1S","240067","Bivalenzpunkt E-Heizung","°C","NumericInput","True","False","True"
"240000","BWL-1S","240068","EVU-Sperre für E-Heizung","","ComboBoxText","True","False","True"
"240000","BWL-1S","240069","Zeitweise Deaktivierung WP091","Tage","NumericInput","True","False","True"
"240000","BWL-1S","240070","Bivalenzpunkt ZWE","°C","NumericInput","True","False","True"
"240000","BWL-1S","240071","Freigabe ZWE über eBus","","ComboBoxText","False","False","True"
"240000","BWL-1S","240074","Verdichter max. Starts pro Stunde","","NumericInput","True","False","True"
"240000","BWL-1S","240076","Sammlertemperatur","°C","NumericInput","False","True","False"
"240000","BWL-1S","240077","Verdichterfrequenz","Hz","NumericInput","False","False","True"
"240000","BWL-1S","240078","Freigabe aktive Kühlung","","ComboBoxText","True","False","True"
"240000","BWL-1S","240079","Heizkreispumpe","","ComboBoxText","False","True","False"
"240000","BWL-1S","240080","Zubringer-/Heizkreispumpe","","ComboBoxText","False","True","False"
"240000","BWL-1S","240081","3-Wege-Umschaltventil HZ/WW","","ComboBoxText","False","True","False"
"240000","BWL-1S","240082","3-Wege-Umschaltventil HZ/K","","ComboBoxText","False","True","False"
"240000","BWL-1S","240083","Ausgang A1","","ComboBoxText","False","True","False"
"240000","BWL-1S","240084","E-Heizung","","ComboBoxText","False","True","False"
"240000","BWL-1S","240085","Verdichter","","ComboBoxText","False","True","False"
"240000","BWL-1S","240086","Kesselmaximaltemp HZ TV-max","°C","NumericInput","True","False","True"
"240000","BWL-1S","240087","Kesselminimaltemp TK-min","°C","NumericInput","True","False","True"
"240000","BWL-1S","240088","Status E-Heizung","","ComboBoxText","False","False","True"
"240000","BWL-1S","240089","Status Zusatzwärmeerzeuger","","ComboBoxText","False","False","True"
"240000","BWL-1S","240090","Typ E-Heizung","","ComboBoxText","False","False","True"
"240000","BWL-1S","240091","Leistungsaufnahme","kW","NumericInput","False","True","False"
"240000","BWL-1S","240092","Heizleistung","kW","NumericInput","False","True","False"
"240000","BWL-1S","240093","Kühlleistung","kW","NumericInput","False","True","False"
"240000","BWL-1S","240094","Energiemenge HZ","kWh","NumericInput","False","True","False"
"240000","BWL-1S","240095","Energiemenge WW","kWh","NumericInput","False","True","False"
"240000","BWL-1S","240096","Energiemenge Kühl.","kWh","NumericInput","False","True","False"
"240000","BWL-1S","240097","Busadresse","","NumericInput","False","False","True"
"240000","BWL-1S","240098","Anlagenkonfiguration ReadOnly","","NO_DISPLAY","False","True","False"
"240000","BWL-1S","240099","Leistungsklasse","","NumericInput","False","False","True"
"240000","BWL-1S","240100","Drehzahl ZHP","%","NumericInput","False","False","True"
"240000","BWL-1S","240101","Kältemitteltemperatur (ICT)","°C","NumericInput","False","False","True"
"240000","BWL-1S","240102","Eingang E1","","ComboBoxText","False","False","True"
"240000","BWL-1S","240103","Aktuelle angeforderte Geräteleistung","%","NumericInput","False","False","True"
"240000","BWL-1S","240104","Verdichterstarts","","NumericInput","False","False","True"
"240000","BWL-1S","240105","Laufzeit Verdichter","Std","NumericInput","False","False","True"
"240000","BWL-1S","240106","Betriebsstunden E-Heizung","Std","NumericInput","False","False","True"
"240000","BWL-1S","240107","Status SG","","ComboBoxText","False","False","True"
"240000","BWL-1S","240108","Status PV","","ComboBoxText","False","False","True"
"240000","BWL-1S","240109","Heizen bei PV/SG","","ComboBoxText","False","False","True"
"240000","BWL-1S","240110","Kühlen bei PV/SG","","ComboBoxText","False","False","True"
"240000","BWL-1S","240111","Nachtbetrieb Ende","","TimeInput","False","False","True"
"240000","BWL-1S","240112","Nachtbetrieb Start","","TimeInput","False","False","True"
"240000","BWL-1S","240113","Nachtbetrieb Begrenzung","","NumericInput","False","False","True"
"240000","BWL-1S","240114","Nachtbetrieb","","NumericInput","False","False","True"
"340000","DHK_BM-2","320000","Mo","Uhr","DaySwitchTimes","True","False","False"
"340000","DHK_BM-2","320001","Di","Uhr","DaySwitchTimes","True","False","False"
"340000","DHK_BM-2","320002","Mi","Uhr","DaySwitchTimes","True","False","False"
"340000","DHK_BM-2","320003","Do","Uhr","DaySwitchTimes","True","False","False"
"340000","DHK_BM-2","320004","Fr","Uhr","DaySwitchTimes","True","False","False"
"340000","DHK_BM-2","320005","Sa","Uhr","DaySwitchTimes","True","False","False"
"340000","DHK_BM-2","320006","So","Uhr","DaySwitchTimes","True","False","False"
"340000","DHK_BM-2","320007","Mo","Uhr","DaySwitchTimes","True","False","False"
"340000","DHK_BM-2","320008","Di","Uhr","DaySwitchTimes","True","False","False"
"340000","DHK_BM-2","320009","Mi","Uhr","DaySwitchTimes","True","False","False"
"340000","DHK_BM-2","320010","Do","Uhr","DaySwitchTimes","True","False","False"
"340000","DHK_BM-2","320011","Fr","Uhr","DaySwitchTimes","True","False","False"
"340000","DHK_BM-2","320012","Sa","Uhr","DaySwitchTimes","True","False","False"
"340000","DHK_BM-2","320013","So","Uhr","DaySwitchTimes","True","False","False"
"340000","DHK_BM-2","320014","Mo","Uhr","DaySwitchTimes","True","False","False"
"340000","DHK_BM-2","320015","Di","Uhr","DaySwitchTimes","True","False","False"
"340000","DHK_BM-2","320016","Mi","Uhr","DaySwitchTimes","True","False","False"
"340000","DHK_BM-2","320017","Do","Uhr","DaySwitchTimes","True","False","False"
"340000","DHK_BM-2","320018","Fr","Uhr","DaySwitchTimes","True","False","False"
"340000","DHK_BM-2","320019","Sa","Uhr","DaySwitchTimes","True","False","False"
"340000","DHK_BM-2","320020","So","Uhr","DaySwitchTimes","True","False","False"
"340000","DHK_BM-2","340000","Raumtemperatur","°C","NumericInput","False","True","False"
"340000","DHK_BM-2","340001","Gemittelte Außentemperatur","°C","NumericInput","False","True","False"
"340000","DHK_BM-2","340004","Anforderung Heizkreis","","ComboBoxText","False","True","False"
"340000","DHK_BM-2","340005","Heizkreis Status","","ComboBoxText","False","True","False"
"340000","DHK_BM-2","340006","Sparfaktor","","NumericInput","True","False","True"
"340000","DHK_BM-2","340007","Winter/Sommer Umschaltung","°C","NumericInput","True","False","True"
"340000","DHK_BM-2","340008","ECO/ABS","°C","NumericInput","True","False","True"
"340000","DHK_BM-2","340009","Tagtemperatur","°C","Client_NO_DISPLAY","True","True","False"
"340000","DHK_BM-2","340010","Raumeinfluss","","ComboBoxText","True","False","True"
"340000","DHK_BM-2","340011","Vorlauftemperatur","°C","NumericInput","False","True","False"
"340000","DHK_BM-2","340012","Sockeltemperatur Heizkurve","°C","NumericInput","True","False","True"
"340000","DHK_BM-2","340013","Startpunkt Heizkurve","°C","NumericInput","True","False","True"
"340000","DHK_BM-2","340014","Normaußentemperatur Heizkurve","°C","NumericInput","True","False","True"
"340000","DHK_BM-2","340015","Vorlauftemperatur Heizkurve","°C","NumericInput","True","False","True"
"340000","DHK_BM-2","340016","Zeitprogramm","","TimeProgram","True","True","False"
"340000","DHK_BM-2","340017","Programmwahl AFB","","ComboBoxImageText","False","True","False"
"340000","DHK_BM-2","340018","Sollwertkorrektur AFB","","NumericInput","False","True","False"
"340000","DHK_BM-2","340019","Zeitprogramm","","TimeProgram","True","True","False"
"340000","DHK_BM-2","340020","Zeitprogramm","","MessageBoxButton","True","True","False"
"340000","DHK_BM-2","340021","Sollwertkorrektur SmartHome","","NumericInput","False","True","False"
"340000","DHK_BM-2","340022","Programmwahl SmartHome","","ComboBoxImageText","False","True","False"
"340000","DHK_BM-2","340023","Vorlaufsolltemperatur SmartHome","°C","NumericInput","False","True","False"
"340000","DHK_BM-2","340025","CIRCULARSLIDER","","CircularSlider","True","True","False"
"340000","DHK_BM-2","340026","Sollwertkorrektur","","NumericInput","True","True","False"
"340000","DHK_BM-2","340027","CIRCULARSLIDER","","CircularSlider","True","True","False"
"340000","DHK_BM-2","340028","Sollwertkorrektur","","NumericInput","True","True","False"
"340000","DHK_BM-2","340029","Programmwahl","","ProgramSelectionListView","True","True","False"
"340000","DHK_BM-2","340030","Programmwahl","","ProgramSelectionListView","True","True","False"
"340000","DHK_BM-2","340031","Sollwertkorrektur","","Client_NO_DISPLAY","True","True","False"
"340000","DHK_BM-2","340032","Programmwahl","","Client_NO_DISPLAY","True","True","False"
"340000","DHK_BM-2","340033","Reglertyp","","Client_NO_DISPLAY","False","False","False"
"340000","DHK_BM-2","340034","CIRCULARSLIDER","","CircularSlider","True","True","False"
"340000","DHK_BM-2","340035","Tagtemperatur","°C","NumericInput","True","True","False"
"340000","DHK_BM-2","340037","CIRCULARSLIDER","","CircularSlider","True","True","False"
"340000","DHK_BM-2","340038","Tagtemperatur","°C","NumericInput","True","True","False"
"340000","DHK_BM-2","340040","Tagtemperatur","°C","NumericInput","True","True","False"
"340000","DHK_BM-2","340041","Raumtemperatur","°C","NumericInput","False","True","False"
"340000","DHK_BM-2","340042","Raumtemperatur","°C","NumericInput","False","True","False"
"340000","DHK_BM-2","340043","Heizkreis Benamung","","NO_DISPLAY","False","False","False"
"340000","DHK_BM-2","340044","Kreisart","","ComboBoxText","True","False","True"
"340000","DHK_BM-2","340045","aktuelle Kreisart in Kombination mit Heizgerät","","ComboBoxText","False","False","True"
"340000","DHK_BM-2","340047","Programmwahl","","ProgramSelectionListView","True","True","False"
"340000","DHK_BM-2","340048","Programmwahl","","ProgramSelectionListView","True","True","False"
"340000","DHK_BM-2","340049","Tagtemperatur Kühlen","°C","NumericInput","True","True","False"
"340000","DHK_BM-2","340050","Raumeinfluss Kühlen","","ComboBoxText","True","False","True"
"340000","DHK_BM-2","340051","Endtemperatur VL Kühlkurve","°C","NumericInput","True","False","True"
"340000","DHK_BM-2","340052","Starttemperatur VL Kühlkurve","°C","NumericInput","True","False","True"
"340000","DHK_BM-2","340053","Endpunkt Kühlkurve","°C","NumericInput","True","False","True"
"340000","DHK_BM-2","340054","Startpunkt Kühlkurve","°C","NumericInput","True","False","True"
"340000","DHK_BM-2","340055","Kühlkurve global","","Client_NO_DISPLAY","False","False","True"
"340000","DHK_BM-2","340059","Zeitprogramm Kühlen","","TimeProgram","True","True","False"
"350000","WWSystem_BM-2","80001","Speichertemperatur","°C","NumericInput","False","True","False"
"350000","WWSystem_BM-2","90003","Speichertemperatur","°C","NumericInput","False","True","False"
"350000","WWSystem_BM-2","100004","Speichertemperatur","°C","NumericInput","False","True","False"
"350000","WWSystem_BM-2","110006","Speichertemperatur","°C","NumericInput","False","True","False"
"350000","WWSystem_BM-2","120005","Speichertemperatur","°C","NumericInput","False","True","False"
"350000","WWSystem_BM-2","130007","Speichertemperatur","°C","NumericInput","False","True","False"
"350000","WWSystem_BM-2","140005","Speichertemperatur","°C","NumericInput","False","True","False"
"350000","WWSystem_BM-2","150024","T_WWasser","°C","NumericInput","False","True","False"
"350000","WWSystem_BM-2","160024","T_WWasser","°C","NumericInput","False","True","False"
"350000","WWSystem_BM-2","170024","T_WWasser","°C","NumericInput","False","True","False"
"350000","WWSystem_BM-2","180006","Warmwassertemperatur","°C","NumericInput","False","True","False"
"350000","WWSystem_BM-2","200011","Warmwassertemperatur","°C","NumericInput","False","True","False"
"350000","WWSystem_BM-2","210016","Warmwassertemperatur","°C","NumericInput","False","True","False"
"350000","WWSystem_BM-2","240004","Warmwassertemperatur","°C","NumericInput","False","True","False"
"350000","WWSystem_BM-2","250003","Warmwassertemperatur","°C","NumericInput","False","True","False"
"350000","WWSystem_BM-2","270007","Warmwassertemperatur","°C","NumericInput","False","True","False"
"350000","WWSystem_BM-2","280019","Warmwassertemperatur","°C","NumericInput","False","True","False"
"350000","WWSystem_BM-2","290012","Warmwassertemperatur","°C","NumericInput","False","True","False"
"350000","WWSystem_BM-2","320021","Mo","Uhr","DaySwitchTimes","True","False","False"
"350000","WWSystem_BM-2","320022","Di","Uhr","DaySwitchTimes","True","False","False"
"350000","WWSystem_BM-2","320023","Mi","Uhr","DaySwitchTimes","True","False","False"
"350000","WWSystem_BM-2","320024","Do","Uhr","DaySwitchTimes","True","False","False"
"350000","WWSystem_BM-2","320025","Fr","Uhr","DaySwitchTimes","True","False","False"
"350000","WWSystem_BM-2","320026","Sa","Uhr","DaySwitchTimes","True","False","False"
"350000","WWSystem_BM-2","320027","So","Uhr","DaySwitchTimes","True","False","False"
"350000","WWSystem_BM-2","320028","Mo","Uhr","DaySwitchTimes","True","False","False"
"350000","WWSystem_BM-2","320029","Di","Uhr","DaySwitchTimes","True","False","False"
"350000","WWSystem_BM-2","320030","Mi","Uhr","DaySwitchTimes","True","False","False"
"350000","WWSystem_BM-2","320031","Do","Uhr","DaySwitchTimes","True","False","False"
"350000","WWSystem_BM-2","320032","Fr","Uhr","DaySwitchTimes","True","False","False"
"350000","WWSystem_BM-2","320033","Sa","Uhr","DaySwitchTimes","True","False","False"
"350000","WWSystem_BM-2","320034","So","Uhr","DaySwitchTimes","True","False","False"
"350000","WWSystem_BM-2","320035","Mo","Uhr","DaySwitchTimes","True","False","False"
"350000","WWSystem_BM-2","320036","Di","Uhr","DaySwitchTimes","True","False","False"
"350000","WWSystem_BM-2","320037","Mi","Uhr","DaySwitchTimes","True","False","False"
"350000","WWSystem_BM-2","320038","Do","Uhr","DaySwitchTimes","True","False","False"
"350000","WWSystem_BM-2","320039","Fr","Uhr","DaySwitchTimes","True","False","False"
"350000","WWSystem_BM-2","320040","Sa","Uhr","DaySwitchTimes","True","False","False"
"350000","WWSystem_BM-2","320041","So","Uhr","DaySwitchTimes","True","False","False"
"350000","WWSystem_BM-2","350001","Warmwasser Status","","ComboBoxText","False","True","False"
"350000","WWSystem_BM-2","350004","Zeitprogramm","","TimeProgram","True","True","False"
"350000","WWSystem_BM-2","350005","Programmwahl AFB","","ComboBoxImageText","False","True","False"
"350000","WWSystem_BM-2","350006","Zeitprogramm","","TimeProgram","True","True","False"
"350000","WWSystem_BM-2","350007","Zeitprogramm","","MessageBoxButton","True","True","False"
"350000","WWSystem_BM-2","350008","CIRCULARSLIDER","","CircularSlider","True","True","False"
"350000","WWSystem_BM-2","350009","Warmwassersolltemperatur eingestellt","°C","NumericInput","True","True","False"
"350000","WWSystem_BM-2","350010","CIRCULARSLIDER","","CircularSlider","True","True","False"
"350000","WWSystem_BM-2","350011","Warmwassersolltemperatur eingestellt","°C","NumericInput","True","True","False"
"350000","WWSystem_BM-2","350012","Programmwahl","","ProgramSelectionListView","True","True","False"
"350000","WWSystem_BM-2","350013","Programmwahl","","ProgramSelectionListView","True","True","False"
"350000","WWSystem_BM-2","350014","Warmwassersolltemperatur eingestellt","°C","Client_NO_DISPLAY","True","True","False"
"350000","WWSystem_BM-2","350015","Programmwahl","","Client_NO_DISPLAY","True","True","False"
"350000","WWSystem_BM-2","350016","Warmwasserkreis Benamung","","NO_DISPLAY","False","True","False"
"350000","WWSystem_BM-2","350017","Programmwahl Fernbedienung","","ComboBoxImageText","False","True","False"
"350000","WWSystem_BM-2","380011","Warmwassertemperatur","°C","NumericInput","False","True","False"
"350000","WWSystem_BM-2","430011","Warmwassertemperatur","°C","NumericInput","False","True","False"
"350000","WWSystem_BM-2","440011","Warmwassertemperatur","°C","NumericInput","False","True","False"
